,case,cc3,country,year,systemic_crisis,exch_usd,domestic_debt_in_default,sovereign_external_debt_default,gdp_weighted_default,inflation_annual_cpi,independence,currency_crises,inflation_crises,banking_crisis
0,1,3,0,1870,1,0.052264,0,0,0.0,3.441455696,0,0,0,0
1,1,3,0,1871,0,0.052798,0,0,0.0,14.14913958,0,0,0,1
2,1,3,0,1872,0,0.052274,0,0,0.0,-3.718592965,0,0,0,1
3,1,3,0,1873,0,0.05168,0,0,0.0,11.20389701,0,0,0,1
4,1,3,0,1874,0,0.051308,0,0,0.0,-3.848560701,0,0,0,1
5,1,3,0,1875,0,0.051546,0,0,0.0,-20.92417833,0,0,0,1
6,1,3,0,1876,0,0.051867,0,0,0.0,-1.769547325,0,0,0,1
7,1,3,0,1877,0,0.051867,0,0,0.0,29.11604525,0,0,1,1
8,1,3,0,1878,0,0.051948,0,0,0.0,-1.492537313,0,0,0,1
9,1,3,0,1879,0,0.052029,0,0,0.0,-16.83135705,0,0,0,1
10,1,3,0,1880,0,0.052356,0,0,0.0,3.881188119,0,0,0,1
11,1,3,0,1881,0,0.052029,0,0,0.0,12.61913839,0,0,0,1
12,1,3,0,1882,0,0.050761,0,0,0.0,-12.35612729,0,0,0,1
13,1,3,0,1883,0,0.052002,0,0,0.0,-1.390498262,0,0,0,1
14,1,3,0,1884,0,0.052165,0,0,0.0,-15.94202899,0,0,0,1
15,1,3,0,1939,0,0.44903,0,0,0.0,9.756097561,0,0,0,1
16,1,3,0,1940,0,0.49189,0,0,0.0,22.22222222,0,0,1,1
17,1,3,0,1941,0,0.44937,0,0,0.0,16.36363636,0,0,0,1
18,1,3,0,1942,0,0.75,0,0,0.0,28.125,0,0,1,1
19,1,3,0,1943,0,0.5,0,0,0.0,46.34146341,0,1,1,1
20,1,3,0,1944,0,0.5,0,0,0.0,41.66666667,0,1,1,1
21,1,3,0,1945,0,1.191,0,0,0.0,29.41176471,0,0,1,1
22,1,3,0,1946,0,1.191,0,0,0.0,18.18181818,0,0,0,1
23,1,3,0,1947,0,1.193,0,0,0.0,69.23076923,0,0,1,1
24,1,3,0,1948,0,2.662,0,0,0.0,63.63636364,0,0,1,1
25,1,3,0,1949,0,3.49,0,0,0.0,23.61111111,0,0,1,1
26,1,3,0,1950,0,3.499,0,0,0.0,0.0,0,0,0,1
27,1,3,0,1951,0,3.5,0,0,0.0,6.741573034,0,0,0,1
28,1,3,0,1952,0,3.5,0,0,0.0,6.315789474,0,0,0,1
29,1,3,0,1953,0,3.5,0,0,0.0,-0.99009901,0,0,0,1
30,1,3,0,1954,0,3.5,0,0,0.0,1.0,0,0,0,1
31,1,3,0,1955,0,3.5,0,0,0.0,0.0,0,0,0,1
32,1,3,0,1956,0,3.5,0,0,0.0,1.98019802,0,0,0,1
33,1,3,0,1957,0,4.199,0,0,0.0,2.912621359,0,0,0,1
34,1,3,0,1958,0,4.906,0,0,0.0,12.26415094,0,0,0,1
35,1,3,0,1959,0,4.909,0,0,0.0,9.243697479,0,0,0,1
36,1,3,0,1960,0,4.93706,0,0,0.0,5.384615385,0,1,0,1
37,1,3,0,1961,0,4.93706,0,0,0.0,2.919708029,0,0,0,1
38,1,3,0,1968,0,4.93706,0,0,0.0,6.599987838,1,0,0,1
39,1,3,0,1969,0,4.93706,0,0,0.0,2.626631862,1,0,0,1
40,1,3,0,1970,0,4.93706,0,0,0.0,3.656320975,1,0,0,1
41,1,3,0,1971,0,4.644,0,0,0.0,6.172816266,1,0,0,1
42,1,3,0,1972,0,4.556,0,0,0.0,4.734228715,1,0,0,1
43,1,3,0,1973,0,4.185,0,0,0.0,8.961134756,1,0,0,1
44,1,3,0,1974,0,3.997,0,0,0.0,8.87917187,1,0,0,1
45,1,3,0,1975,0,4.125,0,0,0.0,12.09893382,1,0,0,1
46,1,3,0,1976,0,4.359,0,0,0.0,17.17351914,1,0,0,1
47,1,3,0,1977,0,4.035,0,0,0.0,11.45037883,1,0,0,1
48,1,3,0,1978,0,3.8345,0,0,0.0,9.668492611,1,0,0,1
49,1,3,0,1979,0,3.7555,0,0,0.0,14.60957788,1,0,0,1
50,1,3,0,1980,0,3.9715,0,0,0.0,9.668,1,0,0,1
51,1,3,0,1981,0,4.378,0,0,0.0,14.61,1,0,0,1
52,1,3,0,1982,0,4.6355,0,0,0.0,6.593,1,0,0,1
53,1,3,0,1983,0,4.9165,0,0,0.0,7.835,1,0,0,1
54,1,3,0,1984,0,5.1227,0,0,0.0,6.31,1,0,0,1
55,1,3,0,1985,0,4.7728,0,0,0.0,10.432,1,0,0,1
56,1,3,0,1986,0,4.8235,0,0,0.0,14.007,1,0,0,1
57,1,3,0,1987,0,4.9363,0,0,0.0,5.857,1,0,0,1
58,1,3,0,1988,0,6.7308,0,0,0.0,5.938,1,1,0,1
59,1,3,0,1989,0,8.0324,0,0,0.0,9.172,1,1,0,1
60,1,3,0,1990,1,12.1908,0,0,0.0,9.272,1,1,0,0
61,1,3,0,1991,1,21.3919,0,1,0.23,25.9,1,1,1,0
62,1,3,0,1992,1,22.7814,0,1,0.23,31.7,1,0,1,0
63,1,3,0,1993,0,24.123,0,1,0.23,20.5,1,0,1,1
64,1,3,0,1994,0,42.8925,0,1,0.23,29.0,1,1,1,1
65,1,3,0,1995,0,52.175,0,1,0.23,29.8,1,1,1,1
66,1,3,0,1996,0,56.1859,0,1,0.23,18.7,1,0,0,1
67,1,3,0,1997,0,58.4139,0,0,0.0,5.7,1,0,0,1
68,1,3,0,1998,0,60.3531,0,0,0.0,4.95,1,0,0,1
69,1,3,0,1999,0,69.3143,0,0,0.0,2.6,1,0,0,1
70,1,3,0,2000,0,75.3428,0,0,0.0,0.3,1,0,0,1
71,1,3,0,2001,0,77.8196,0,0,0.0,4.2,1,0,0,1
72,1,3,0,2002,0,79.7234,0,0,0.0,1.43,1,0,0,1
73,1,3,0,2003,0,72.6128,0,0,0.0,4.259,1,0,0,1
74,1,3,0,2004,0,72.6137,0,0,0.0,3.972,1,0,0,1
75,1,3,0,2005,0,73.3799,0,0,0.0,1.382,1,0,0,1
76,1,3,0,2006,0,71.1582,0,0,0.0,2.315,1,0,0,1
77,1,3,0,2007,0,66.8299,0,0,0.0,3.674,1,0,0,1
78,1,3,0,2008,0,71.1826,0,0,0.0,4.855,1,0,0,1
79,1,3,0,2009,0,72.7309,0,0,0.0,5.743,1,0,0,1
80,1,3,0,2010,0,74.9437,0,0,0.0,3.913,1,0,0,1
81,1,3,0,2011,0,76.0563,0,0,0.0,4.522,1,0,0,1
82,1,3,0,2012,0,78.1025,0,0,0.0,8.916,1,0,0,1
83,1,3,0,2013,0,78.1487013,0,0,0.0,3.255,1,0,0,1
84,1,3,0,2014,0,87.9706983,0,0,0.0,2.917,1,0,0,1
85,2,0,1,1921,0,1.25e-08,0,0,0.0,29.62962963,0,0,1,1
86,2,0,1,1922,0,2.21e-08,0,0,0.0,45.71428571,0,0,1,1
87,2,0,1,1923,0,2.81e-08,0,0,0.0,68.62745098,0,0,1,1
88,2,0,1,1924,0,2.08e-08,0,0,0.0,126.744186,0,0,1,1
89,2,0,1,1925,0,1.95e-08,0,0,0.0,-27.17948718,0,0,0,1
90,2,0,1,1926,0,1.95e-08,0,0,0.0,-7.042253521,0,0,0,1
91,2,0,1,1927,0,2.02e-08,0,0,0.0,-17.42424242,0,0,0,1
92,2,0,1,1928,0,2.27e-08,0,0,0.0,-9.174311927,0,0,0,1
93,2,0,1,1929,0,2.22e-08,0,0,0.0,-5.050505051,0,0,0,1
94,2,0,1,1930,0,2.23e-08,0,0,0.0,-5.319148936,0,0,0,1
95,2,0,1,1931,0,3.1e-08,0,0,0.0,0.0,0,0,0,1
96,2,0,1,1932,0,3.31e-08,0,0,0.0,-2.247191011,0,0,0,1
97,2,0,1,1933,0,2.13e-08,0,0,0.0,2.298850575,0,0,0,1
98,2,0,1,1934,0,2.22e-08,0,0,0.0,3.370786517,0,0,0,1
99,2,0,1,1935,0,2.23e-08,0,0,0.0,5.434782609,0,0,0,1
100,2,0,1,1936,0,2.25e-08,0,0,0.0,-1.030927835,0,0,0,1
101,2,0,1,1937,0,2.21e-08,0,0,0.0,2.083333333,0,0,0,1
102,2,0,1,1938,0,2.36e-08,0,0,0.0,2.040816327,0,0,0,1
103,2,0,1,1939,0,2.77e-08,0,0,0.0,1.0,0,0,0,1
104,2,0,1,1940,0,2.51e-08,0,0,0.0,13.86138614,0,0,0,1
105,2,0,1,1941,0,2.5e-08,0,0,0.0,16.52173913,0,0,0,1
106,2,0,1,1942,0,2.5e-08,0,0,0.0,17.91044776,0,0,0,1
107,2,0,1,1943,0,2.5e-08,0,0,0.0,13.92405063,0,0,0,1
108,2,0,1,1944,0,2.5e-08,0,0,0.0,7.777777778,0,0,0,1
109,2,0,1,1945,0,2.5e-08,0,0,0.0,5.154639175,0,0,0,1
110,2,0,1,1946,0,2.63e-08,0,0,0.0,4.901960784,0,0,0,1
111,2,0,1,1947,0,2.5e-08,0,0,0.0,13.55140187,0,0,0,1
112,2,0,1,1948,0,2.58e-08,0,0,0.0,-16.87242798,0,0,0,1
113,2,0,1,1949,0,2.86e-08,0,0,0.0,-0.99009901,0,0,0,1
114,2,0,1,1950,0,2.91e-08,0,0,0.0,4.0,0,0,0,1
115,2,0,1,1951,0,2.91e-08,0,0,0.0,-7.692307692,0,0,0,1
116,2,0,1,1952,0,2.9e-08,0,0,0.0,3.125,0,0,0,1
117,2,0,1,1953,0,2.9e-08,0,0,0.0,0.0,0,0,0,1
118,2,0,1,1954,0,2.88e-08,0,0,0.0,-4.04040404,0,0,0,1
119,2,0,1,1955,0,2.88e-08,0,0,0.0,0.0,0,0,0,1
120,2,0,1,1956,0,2.88e-08,0,0,0.0,3.157894737,0,0,0,1
121,2,0,1,1957,0,2.88e-08,0,0,0.0,1.020408163,0,0,0,1
122,2,0,1,1958,0,2.88e-08,0,0,0.0,2.02020202,0,0,0,1
123,2,0,1,1959,0,2.89e-08,0,0,0.0,0.0,0,1,0,1
124,2,0,1,1960,0,2.88e-08,0,0,0.0,-0.99009901,0,0,0,1
125,2,0,1,1961,0,2.88e-08,0,0,0.0,2.0,0,0,0,1
126,2,0,1,1962,0,2.89e-08,0,0,0.0,5.882352941,0,0,0,1
127,2,0,1,1970,0,2.88e-08,0,0,0.0,7.965434021,0,1,0,1
128,2,0,1,1971,0,2.76e-08,0,0,0.0,5.777758599,0,0,0,1
129,2,0,1,1972,0,2.7e-08,0,0,0.0,15.79827455,0,1,0,1
130,2,0,1,1973,0,2.58e-08,0,0,0.0,15.67485015,0,1,0,1
131,2,0,1,1974,0,2.46e-08,0,0,0.0,27.41525989,0,0,1,1
132,2,0,1,1975,0,2.75e-08,0,0,0.0,29.00043489,1,0,1,1
133,2,0,1,1976,0,2.99e-08,1,0,0.0,80.69990445,1,0,1,1
134,2,0,1,1977,0,2.99e-08,0,0,0.0,69.00935079,1,0,1,1
135,2,0,1,1978,0,2.99e-08,0,0,0.0,48.46106867,1,0,1,1
136,2,0,1,1979,0,2.99e-08,0,0,0.0,101.3013176,1,0,1,1
137,2,0,1,1980,0,2.99e-08,0,0,0.0,46.70755462,1,0,1,1
138,2,0,1,1991,0,1.8e-07,0,1,0.0,85.265,1,1,1,1
139,2,0,1,1992,0,5.5e-07,1,1,0.0,299.097,1,1,1,0
140,2,0,1,1993,0,6.5e-06,1,1,0.0,1379.476,1,1,1,0
141,2,0,1,1994,0,0.000509262,1,1,0.0,949.771,1,1,1,0
142,2,0,1,1995,0,0.005692,1,1,0.0,2672.23,1,2,1,0
143,2,0,1,1996,0,0.201994,1,1,0.0,4146.01,1,1,1,0
144,2,0,1,1997,0,0.262376,1,1,0.0,221.492,1,1,1,0
145,2,0,1,1998,0,0.6965,1,1,0.0,107.429,1,1,1,0
146,2,0,1,1999,0,5.57992,1,1,0.0,248.248,1,2,1,1
147,2,0,1,2000,0,16.81784,1,1,0.0,325.029,1,1,1,1
148,2,0,1,2001,0,31.94936,1,1,0.0,152.586,1,1,1,1
149,2,0,1,2002,0,58.66637,1,1,0.0,108.893,1,1,1,1
150,2,0,1,2003,0,79.08149,0,1,0.0,98.342,1,1,1,1
151,2,0,1,2004,0,85.98779,0,0,0.0,43.559,1,1,1,1
152,2,0,1,2005,0,80.77951,0,0,0.0,22.961,1,1,1,1
153,2,0,1,2006,0,80.26442,0,0,0.0,13.305,1,0,0,1
154,2,0,1,2007,0,75.023,0,0,0.0,12.249,1,0,0,1
155,2,0,1,2008,0,75.169,0,0,0.0,12.465,1,0,0,1
156,2,0,1,2009,0,89.398,0,0,0.0,13.721,1,1,0,1
157,2,0,1,2010,0,92.643,0,0,0.0,14.48,1,0,0,1
158,2,0,1,2011,0,95.272,0,0,0.0,13.484,1,0,0,1
159,2,0,1,2012,0,95.82588521,0,0,0.0,10.285,1,0,0,1
160,2,0,1,2013,0,97.56,0,0,0.0,8.782,1,0,0,1
161,2,0,1,2014,0,101.49,0,0,0.0,7.296,1,0,0,1
162,10,1,2,1957,0,209.9498515,0,0,0.0,6.818181818,0,0,0,1
163,10,1,2,1958,0,245.2998265,0,0,0.0,12.76595745,0,0,0,1
164,10,1,2,1959,0,245.4498264,0,0,0.0,3.773584906,0,1,0,1
165,10,1,2,1960,0,245.1298266,0,0,0.0,10.90909091,1,0,0,1
166,10,1,2,1961,0,245.0648267,0,0,0.0,6.557377049,1,0,0,1
167,10,1,2,1962,0,245.0048267,0,0,0.0,7.692307692,1,0,0,1
168,10,1,2,1963,0,245.0998266,0,0,0.0,3.714285714,1,0,0,1
169,10,1,2,1964,0,245.0048267,0,0,0.0,10.05509642,1,0,0,1
170,10,1,2,1965,0,245.0748266,0,0,0.0,9.386733417,1,0,0,1
171,10,1,2,1966,0,247.5898249,0,0,0.0,2.745995423,1,0,0,1
172,10,1,2,1967,0,245.4248264,0,0,0.0,1.893095768,1,0,0,1
173,10,1,2,1968,0,247.404825,0,0,0.0,4.808743169,1,0,0,1
174,10,1,2,1969,0,277.9148034,0,0,0.0,0.521376434,1,0,0,1
175,10,1,2,1970,0,276.0248048,0,0,0.0,3.734439834,1,0,0,1
176,10,1,2,1971,0,261.2248152,0,0,0.0,27.69953052,1,0,1,1
177,10,1,2,1972,0,256.0498189,0,0,0.0,-8.823529412,1,0,0,1
178,10,1,2,1973,0,235.4248335,0,0,0.0,5.64516129,1,0,0,1
179,10,1,2,1974,0,222.2248428,0,0,0.0,9.541984733,1,0,0,1
180,10,1,2,1975,0,224.2748413,0,0,0.0,16.02787456,1,0,0,1
181,10,1,2,1976,1,248.4873242,0,0,0.0,10.51051051,1,0,0,0
182,10,1,2,1977,1,235.2498335,0,0,0.0,11.14130435,1,0,0,0
183,10,1,2,1978,1,208.9998521,0,0,0.0,11.49144254,1,0,0,0
184,10,1,2,1979,1,200.9998578,0,0,0.0,9.210526316,1,0,0,0
185,10,1,2,1980,1,225.7998402,0,0,0.0,13.3,1,0,0,0
186,10,1,2,1981,1,287.3997967,0,1,0.0,14.66,1,0,0,0
187,10,1,2,1982,1,336.2497621,0,0,0.0,13.243,1,0,0,0
188,10,1,2,1983,0,417.3747047,0,1,0.0,14.558,1,0,0,1
189,10,1,2,1984,0,479.5996607,0,1,0.0,2.604,1,0,0,1
190,10,1,2,1985,0,378.0497326,0,1,0.0,10.457,1,0,0,1
191,10,1,2,1986,0,322.7497717,0,1,0.0,2.411,1,0,0,1
192,10,1,2,1987,0,266.9998111,0,1,0.0,-6.986,1,0,0,1
193,10,1,2,1988,1,302.9497857,0,1,0.0,-3.934,1,0,0,0
194,10,1,2,1989,1,289.3997953,0,1,0.0,0.645,1,0,0,0
195,10,1,2,1990,1,256.4498186,0,1,0.0,-0.203,1,0,0,0
196,10,1,2,1991,1,258.9998168,0,1,0.0,-2.848,1,0,0,0
197,10,1,2,1992,1,275.3248052,0,1,0.0,-0.757,1,0,0,0
198,10,1,2,1993,1,294.7747915,0,1,0.0,-2.909,1,0,0,0
199,10,1,2,1994,1,534.5996218,0,1,0.0,24.55,1,1,1,0
200,10,1,2,1995,1,489.9996534,0,1,0.0,19.2,1,0,0,0
201,10,1,2,1996,1,523.6996296,0,1,0.0,3.723,1,0,0,0
202,10,1,2,1997,1,598.8095764,0,1,0.0,1.597,1,0,0,0
203,10,1,2,1998,1,562.2096023,0,1,0.0,-1.871,1,0,0,0
204,10,1,2,1999,1,652.9534143,0,1,0.0,-1.415,1,0,0,0
205,10,1,2,2000,0,704.9511016,0,1,0.0,3.202,1,0,0,1
206,10,1,2,2001,0,744.3061387,0,1,0.0,3.843,1,0,0,1
207,10,1,2,2002,0,625.4953752,0,1,0.0,2.298,1,0,0,1
208,10,1,2,2003,0,519.3642122,0,1,0.0,4.353,1,0,0,1
209,10,1,2,2004,0,481.5777109,0,1,0.0,-2.244,1,0,0,1
210,10,1,2,2005,0,556.0371281,0,1,0.0,2.885,1,0,0,1
211,10,1,2,2006,0,498.0690964,0,1,0.0,6.694,1,0,0,1
212,10,1,2,2007,0,445.5926907,0,1,0.0,0.935,1,0,0,1
213,10,1,2,2008,0,471.3350578,0,1,0.0,9.262,1,0,0,1
214,10,1,2,2009,0,455.3359711,0,1,0.0,3.522,1,0,0,1
215,10,1,2,2010,0,490.9122886,0,1,0.0,1.491,1,0,0,1
216,10,1,2,2011,0,506.9611253,0,1,0.0,1.195,1,0,0,1
217,10,1,2,2012,0,497.1631044,0,1,0.0,5.874,1,0,0,1
218,10,1,2,2013,0,475.6413603,0,1,0.0,6.552,1,0,0,1
219,10,1,2,2014,0,540.2825138,0,1,0.0,11.584,1,0,0,1
220,15,2,4,1952,0,0.0,0,0,0.0,16.21609969,0,0,0,1
221,15,2,4,1953,0,0.0,0,0,0.0,2.326185353,0,0,0,1
222,15,2,4,1954,0,0.0,0,0,0.0,-2.273304086,0,0,0,1
223,15,2,4,1955,0,0.0,0,0,0.0,2.326185353,0,0,0,1
224,15,2,4,1956,0,0.0,0,0,0.0,4.54479533,0,0,0,1
225,15,2,4,1957,0,0.0,0,0,0.0,13.04340287,0,0,0,1
226,15,2,4,1958,0,0.0,0,0,0.0,21.15476063,0,0,1,1
227,15,2,4,1959,0,0.0,0,0,0.0,6.348281887,0,0,0,1
228,15,2,4,1960,0,0.0,0,0,0.0,-2.152483452,1,0,0,1
229,15,2,4,1961,0,0.0,0,0,0.0,14.43033046,1,0,0,1
230,15,2,4,1962,0,0.0,0,0,0.0,-0.177568901,1,0,0,1
231,15,2,4,1963,0,0.0,0,0,0.0,8.719549217,1,0,0,1
232,15,2,4,1964,0,0.0,0,0,0.0,-3.169044947,1,0,0,1
233,15,2,4,1965,0,0.0,0,0,0.0,1.757528693,1,0,0,1
234,15,2,4,1966,0,0.0,0,0,0.0,4.665098294,1,0,0,1
235,15,2,4,1967,0,0.0,0,0,0.0,2.766186537,1,0,0,1
236,15,2,4,1968,0,0.0,0,0,0.0,7.747595621,1,0,0,1
237,15,2,4,1969,0,0.0,0,0,0.0,2.502927383,1,0,0,1
238,15,2,4,1970,0,278.0,0,0,0.0,8.075116891,1,0,0,1
239,15,2,4,1971,0,264.0,0,0,0.0,-1.07225635,1,0,0,1
240,15,2,4,1972,0,255.5,0,0,0.0,1.194615424,1,0,0,1
241,15,2,4,1973,0,238.0,0,0,0.0,12.9325741,1,0,0,1
242,15,2,4,1974,0,222.0,0,0,0.0,18.22418299,1,0,0,1
243,15,2,4,1975,0,220.0,0,0,0.0,10.61769304,1,0,0,1
244,15,2,4,1976,0,247.0,0,0,0.0,12.90885269,1,0,0,1
245,15,2,4,1977,0,236.0,0,0,0.0,24.48243736,1,0,1,1
246,15,2,4,1978,0,243.5,0,0,0.0,16.03173523,1,0,0,1
247,15,2,4,1979,0,205.0,0,0,0.0,21.75954473,1,0,1,1
248,15,2,4,1980,0,221.0,0,0,0.0,8.81,1,0,0,1
249,15,2,4,1981,0,290.0,0,0,0.0,8.682,1,0,0,1
250,15,2,4,1982,0,352.0,0,0,0.0,7.389,1,0,0,1
251,15,2,4,1983,0,450.0,0,1,0.0,5.879,1,0,0,1
252,15,2,4,1984,0,486.5,0,1,0.0,4.281,1,0,0,1
253,15,2,4,1985,0,380.0,0,1,0.0,1.753,1,0,0,1
254,15,2,4,1986,0,319.0,0,1,0.0,6.837,1,0,0,1
255,15,2,4,1987,0,277.0,0,1,0.0,6.978,1,0,0,1
256,15,2,4,1988,1,310.0,0,1,0.0,6.935,1,0,0,0
257,15,2,4,1989,1,305.0,0,1,0.0,0.986,1,0,0,0
258,15,2,4,1990,1,267.0,0,1,0.0,-0.658,1,0,0,0
259,15,2,4,1991,1,265.0,0,1,0.0,1.575,1,0,0,0
260,15,2,4,1992,0,278.0,0,1,0.0,4.218,1,0,0,1
261,15,2,4,1993,0,297.0,0,1,0.0,2.13,1,0,0,1
262,15,2,4,1994,0,540.0,0,1,0.0,25.956,1,1,1,1
263,15,2,4,1995,0,495.0,0,1,0.0,14.1,1,0,0,1
264,15,2,4,1996,0,525.7,0,1,0.0,2.7,1,0,0,1
265,15,2,4,1997,0,616.0,0,1,0.0,6.301,1,0,0,1
266,15,2,4,1998,0,576.0,0,1,0.0,5.219,1,0,0,1
267,15,2,4,1999,0,0.0,0,0,0.0,0.92,1,0,0,1
268,15,2,4,2000,0,0.0,0,1,0.0,-0.381,1,0,0,1
269,15,2,4,2001,0,0.0,0,1,0.0,4.355,1,0,0,1
270,15,2,4,2002,0,0.0,0,1,0.0,3.08,1,0,0,1
271,15,2,4,2003,0,0.0,0,1,0.0,3.297,1,0,0,1
272,15,2,4,2004,0,0.0,0,1,0.0,1.459,1,0,0,1
273,15,2,4,2005,0,0.0,0,1,0.0,3.884,1,0,0,1
274,15,2,4,2006,0,0.0,0,1,0.0,2.466,1,0,0,1
275,15,2,4,2007,0,0.0,0,1,0.0,1.896,1,0,0,1
276,15,2,4,2008,0,0.0,0,1,0.0,6.315,1,0,0,1
277,15,2,4,2009,0,0.0,0,1,0.0,1.009,1,0,0,1
278,15,2,4,2010,0,0.0,0,1,0.0,1.8,1,0,0,1
279,15,2,4,2011,0,0.0,0,1,0.0,4.448,1,0,0,1
280,15,2,4,2012,0,0.0,0,1,0.0,1.3,1,0,0,1
281,15,2,4,2013,0,0.0,0,0,0.0,2.584,1,0,0,1
282,15,2,4,2014,0,0.0,0,0,0.0,0.449,1,0,0,1
283,19,4,3,1860,0,0.20661157,0,0,0.0,5.944477972,1,0,0,1
284,19,4,3,1861,0,0.20661157,0,0,0.0,5.952720023,1,0,0,1
285,19,4,3,1862,0,0.20661157,0,0,0.0,5.940860215,1,0,0,1
286,19,4,3,1863,0,0.20661157,0,0,0.0,5.95026643,1,0,0,1
287,19,4,3,1864,0,0.20661157,0,0,0.0,5.951383068,1,0,0,1
288,19,4,3,1865,0,0.20661157,0,0,0.0,5.944846293,1,0,0,1
289,19,4,3,1866,0,0.20661157,0,0,0.0,5.941967143,1,0,0,1
290,19,4,3,1867,0,0.20661157,0,0,0.0,5.95106233,1,0,0,1
291,19,4,3,1868,0,0.20661157,0,0,0.0,5.94943927,1,0,0,1
292,19,4,3,1869,0,0.1967,0,0,0.0,5.938284894,1,0,0,1
293,19,4,3,1870,0,0.196,0,0,0.0,5.952582557,1,0,0,1
294,19,4,3,1871,0,0.1978,0,0,0.0,12.97850236,1,0,0,1
295,19,4,3,1872,0,0.1984,0,0,0.0,-4.201740115,1,0,0,1
296,19,4,3,1873,0,0.197,0,0,0.0,-4.171896921,1,0,0,1
297,19,4,3,1874,0,0.198,0,0,0.0,1.556480197,1,0,0,1
298,19,4,3,1875,0,0.1941,0,0,0.0,-8.528072838,1,0,0,1
299,19,4,3,1876,0,0.1983,0,1,0.4,-10.87425348,1,0,0,1
300,19,4,3,1877,0,0.1955,0,1,0.4,-0.43741275,1,0,0,1
301,19,4,3,1878,0,0.1967,0,1,0.4,-0.514114788,1,0,0,1
302,19,4,3,1879,0,0.1981,0,1,0.4,10.55153622,1,0,0,1
303,19,4,3,1880,0,0.201,0,1,0.4,1.784803672,1,0,0,1
304,19,4,3,1881,0,0.2,0,0,0.0,-12.40814963,1,0,0,1
305,19,4,3,1882,0,0.1998,0,0,0.0,4.232602479,1,0,0,1
306,19,4,3,1883,0,0.1998,0,0,0.0,-2.231571246,1,0,0,1
307,19,4,3,1884,0,0.2003,0,0,0.0,-0.477081384,1,0,0,1
308,19,4,3,1885,0,0.1991,0,0,0.0,-6.438575054,1,0,0,1
309,19,4,3,1886,0,0.2007,0,0,0.0,3.616636528,1,0,0,1
310,19,4,3,1887,0,0.1999,0,0,0.0,-2.840798914,1,0,0,1
311,19,4,3,1888,0,0.1987,0,0,0.0,-6.216944417,1,0,0,1
312,19,4,3,1889,0,0.2005,0,0,0.0,-12.33241115,1,0,0,1
313,19,4,3,1890,0,0.2003,0,0,0.0,7.949993931,1,0,0,1
314,19,4,3,1891,0,0.201,0,0,0.0,10.17539915,1,0,0,1
315,19,4,3,1892,0,0.1993,0,0,0.0,1.959383611,1,0,0,1
316,19,4,3,1893,0,0.1983,0,0,0.0,-13.92253028,1,0,0,1
317,19,4,3,1894,0,0.199,0,0,0.0,-4.953488372,1,0,0,1
318,19,4,3,1895,0,0.1971,0,0,0.0,-5.578664057,1,0,0,1
319,19,4,3,1896,0,0.1976,0,0,0.0,9.70458668,1,0,0,1
320,19,4,3,1897,0,0.1986,0,0,0.0,2.846344632,1,0,0,1
321,19,4,3,1898,0,0.1985,0,0,0.0,14.21681213,1,0,0,1
322,19,4,3,1899,0,0.1951,0,0,0.0,-6.374422378,1,0,0,1
323,19,4,3,1900,0,0.1999,0,0,0.0,7.388316151,1,0,0,1
324,19,4,3,1901,0,0.1975,0,0,0.0,0.11,1,0,0,1
325,19,4,3,1902,0,0.1988,0,0,0.0,-0.549395665,1,0,0,1
326,19,4,3,1903,0,0.2009,0,0,0.0,-7.533145842,1,0,0,1
327,19,4,3,1904,0,0.1994,0,0,0.0,-2.639582881,1,0,0,1
328,19,4,3,1905,0,0.201,0,0,0.0,15.36315966,1,0,0,1
329,19,4,3,1906,0,0.2003,0,0,0.0,9.448742747,1,0,0,1
330,19,4,3,1907,1,0.2006,0,0,0.0,1.307767076,1,0,0,0
331,19,4,3,1908,0,0.1994,0,0,0.0,8.87047536,1,0,0,1
332,19,4,3,1909,0,0.1995,0,0,0.0,1.185707419,1,0,0,1
333,19,4,3,1910,0,0.1999,0,0,0.0,-11.7418844,1,0,0,1
334,19,4,3,1911,0,0.1996,0,0,0.0,1.291827398,1,0,0,1
335,19,4,3,1912,0,0.1998,0,0,0.0,6.24391108,1,0,0,1
336,19,4,3,1913,0,0.2007,0,0,0.0,11.40380127,1,0,0,1
337,19,4,3,1914,0,0.1996,0,0,0.0,-1.137384017,1,0,0,1
338,19,4,3,1915,0,0.206,0,0,0.0,-16.00060551,1,0,0,1
339,19,4,3,1916,0,0.2049,0,0,0.0,19.326921,1,0,0,1
340,19,4,3,1917,0,0.2049,0,0,0.0,35.4800225,1,0,1,1
341,19,4,3,1918,0,0.2042,0,0,0.0,18.04671609,1,0,0,1
342,19,4,3,1919,0,0.2554,0,0,0.0,12.1743099,1,0,0,1
343,19,4,3,1920,0,0.2787,0,0,0.0,20.60262757,1,0,1,1
344,19,4,3,1921,0,0.2343,0,0,0.0,-28.50213688,1,0,0,1
345,19,4,3,1922,0,0.2112,0,0,0.0,-11.8067676,1,0,0,1
346,19,4,3,1923,0,0.2244,0,0,0.0,-10.90447887,1,0,0,1
347,19,4,3,1924,0,0.2074,0,0,0.0,7.201266764,1,0,0,1
348,19,4,3,1925,0,0.2008,0,0,0.0,5.682103785,1,0,0,1
349,19,4,3,1926,0,0.2011,0,0,0.0,-11.35479535,1,0,0,1
350,19,4,3,1927,0,0.1998,0,0,0.0,-8.356955722,1,0,0,1
351,19,4,3,1928,0,0.201,0,0,0.0,4.5057024,1,0,0,1
352,19,4,3,1929,0,0.1998,0,0,0.0,-3.339660342,1,0,0,1
353,19,4,3,1930,0,0.2008,0,0,0.0,-6.922294859,1,0,0,1
354,19,4,3,1931,1,0.289,0,0,0.0,-5.020231154,1,0,0,0
355,19,4,3,1932,0,0.2975,0,0,0.0,-10.84823995,1,0,0,1
356,19,4,3,1933,0,0.1906,0,0,0.0,-9.7931274,1,0,0,1
357,19,4,3,1934,0,0.1971,0,0,0.0,23.96925479,1,0,1,1
358,19,4,3,1935,0,0.1979,0,0,0.0,5.648570427,1,0,0,1
359,19,4,3,1936,0,0.1987,0,0,0.0,-7.249727068,1,0,0,1
360,19,4,3,1937,0,0.1952,0,0,0.0,-1.022813275,1,0,0,1
361,19,4,3,1938,0,0.2088,0,0,0.0,11.43314281,1,0,0,1
362,19,4,3,1939,0,0.2481,0,0,0.0,-1.435148115,1,0,0,1
363,19,4,3,1940,0,0.2416,0,0,0.0,10.38362042,1,0,0,1
364,19,4,3,1941,0,0.2416,0,0,0.0,24.18818835,1,0,1,1
365,19,4,3,1942,0,0.2416,0,0,0.0,40.76638415,1,0,1,1
366,19,4,3,1943,0,0.2416,0,0,0.0,17.48643148,1,0,0,1
367,19,4,3,1944,0,0.2416,0,0,0.0,11.37938502,1,0,0,1
368,19,4,3,1945,0,0.2416,0,0,0.0,0.0,1,0,0,1
369,19,4,3,1946,0,0.2416,0,0,0.0,2.119179547,1,0,0,1
370,19,4,3,1947,0,0.2416,0,0,0.0,-3.112803427,1,0,0,1
371,19,4,3,1948,0,0.2416,0,0,0.0,0.713958211,1,0,0,1
372,19,4,3,1949,0,0.3484,0,0,0.0,0.0,1,1,0,1
373,19,4,3,1950,0,0.3484,0,0,0.0,8.510015609,1,0,0,1
374,19,4,3,1951,0,0.3484,0,0,0.0,7.599868141,1,0,0,1
375,19,4,3,1952,0,0.3484,0,0,0.0,-10.25483916,1,0,0,1
376,19,4,3,1953,0,0.3484,0,0,0.0,-0.952735624,1,0,0,1
377,19,4,3,1954,0,0.3484,0,0,0.0,-2.885699962,1,0,0,1
378,19,4,3,1955,0,0.3484,0,0,0.0,0.0,1,0,0,1
379,19,4,3,1956,0,0.3484,0,0,0.0,3.961929343,1,0,0,1
380,19,4,3,1957,0,0.3509,0,0,0.0,3.249231915,1,0,0,1
381,19,4,3,1958,0,0.3509,0,0,0.0,-1.340547039,1,0,0,1
382,19,4,3,1959,0,0.3509,0,0,0.0,0.694613697,1,0,0,1
383,19,4,3,1960,0,0.3509,0,0,0.0,0.726128525,1,0,0,1
384,19,4,3,1961,0,0.3509,0,0,0.0,1.17746005,1,0,0,1
385,19,4,3,1962,0,0.4348,0,0,0.0,-4.203776274,1,1,0,1
386,19,4,3,1963,0,0.4348,0,0,0.0,2.060865254,1,0,0,1
387,19,4,3,1964,0,0.4348,0,0,0.0,7.824338769,1,0,0,1
388,19,4,3,1965,0,0.4348,0,0,0.0,13.12090131,1,0,0,1
389,19,4,3,1966,0,0.4348,0,0,0.0,6.693697414,1,0,0,1
390,19,4,3,1967,0,0.4348,0,0,0.0,0.119617553,1,0,0,1
391,19,4,3,1968,0,0.4348,0,0,0.0,0.455818017,1,0,0,1
392,19,4,3,1969,0,0.4348,0,0,0.0,3.676736584,1,0,0,1
393,19,4,3,1970,0,0.4348,0,0,0.0,3.36871659,1,0,0,1
394,19,4,3,1971,0,0.4348,0,0,0.0,2.942979233,1,0,0,1
395,19,4,3,1972,0,0.4348,0,0,0.0,2.424102664,1,0,0,1
396,19,4,3,1973,0,0.4348,0,0,0.0,5.740312478,1,0,0,1
397,19,4,3,1974,0,0.3913,0,0,0.0,10.64040499,1,0,0,1
398,19,4,3,1975,0,0.3913,0,0,0.0,9.899265451,1,0,0,1
399,19,4,3,1976,0,0.3913,0,0,0.0,10.29192345,1,0,0,1
400,19,4,3,1977,0,0.3913,0,0,0.0,11.61462645,1,0,0,1
401,19,4,3,1978,0,0.3913,0,0,0.0,11.27087249,1,0,0,1
402,19,4,3,1979,0,0.7,0,0,0.0,9.90279235,1,1,0,1
403,19,4,3,1980,1,0.699999999,0,0,0.0,20.5,1,0,1,1
404,19,4,3,1981,1,0.699999999,0,0,0.0,10.4,1,0,0,0
405,19,4,3,1982,1,0.699999999,0,0,0.0,14.9,1,0,0,0
406,19,4,3,1983,1,0.699999999,0,0,0.0,15.982,1,0,0,0
407,19,4,3,1984,0,0.7,0,1,0.4,17.06,1,0,0,1
408,19,4,3,1985,0,0.7,0,0,0.0,12.108,1,0,0,1
409,19,4,3,1986,0,0.7,0,0,0.0,23.9,1,0,1,1
410,19,4,3,1987,0,0.7,0,0,0.0,25.185,1,0,1,1
411,19,4,3,1988,0,0.7,0,0,0.0,15.185,1,0,0,1
412,19,4,3,1989,0,1.1,0,0,0.0,20.129,1,1,1,1
413,19,4,3,1990,0,2.0,0,0,0.0,21.219,1,1,1,0
414,19,4,3,1991,0,3.33221,0,0,0.0,14.737,1,1,0,0
415,19,4,3,1992,0,3.33861,0,0,0.0,21.142,1,0,1,0
416,19,4,3,1993,0,3.3718,0,0,0.0,11.042,1,0,0,0
417,19,4,3,1994,0,3.391,0,0,0.0,9.046,1,0,0,0
418,19,4,3,1995,0,3.39,0,0,0.0,9.361,1,0,0,0
419,19,4,3,1996,0,3.388,0,0,0.0,7.095,1,0,0,1
420,19,4,3,1997,0,3.388,0,0,0.0,6.167,1,0,0,1
421,19,4,3,1998,0,3.388,0,0,0.0,5.041,1,0,0,1
422,19,4,3,1999,0,3.405,0,0,0.0,3.745,1,0,0,1
423,19,4,3,2000,0,3.69,0,0,0.0,2.849,1,0,0,1
424,19,4,3,2001,0,4.49,0,0,0.0,2.431,1,1,0,1
425,19,4,3,2002,0,4.5,0,0,0.0,3.21,1,0,0,1
426,19,4,3,2003,0,6.1532,0,0,0.0,0.0,1,1,0,1
427,19,4,3,2004,0,6.1314,0,0,0.0,8.106,1,0,0,1
428,19,4,3,2005,0,5.7322,0,0,0.0,8.826,1,0,0,1
429,19,4,3,2006,0,5.7036,0,0,0.0,4.202,1,0,0,1
430,19,4,3,2007,0,5.5038,0,0,0.0,10.959,1,0,0,1
431,19,4,3,2008,0,5.5041,0,0,0.0,11.698,1,0,0,1
432,19,4,3,2009,0,5.4754,0,0,0.0,16.24,1,0,0,1
433,19,4,3,2010,0,5.7926,0,0,0.0,11.69,1,0,0,1
434,19,4,3,2011,0,6.0169,0,0,0.0,11.09,1,0,0,1
435,19,4,3,2012,0,6.3057,0,0,0.0,8.65,1,0,0,1
436,19,4,3,2013,0,6.94,0,0,0.0,6.914,1,0,0,1
437,19,4,3,2014,0,7.15,0,0,0.0,10.099,1,0,0,1
438,35,5,5,1948,0,4.9582,0,0,0.0,9.339830607,0,0,0,1
439,35,5,5,1949,0,4.9582,0,0,0.0,3.522920204,0,0,0,1
440,35,5,5,1950,0,7.1428,0,0,0.0,8.553710537,0,0,0,1
441,35,5,5,1951,0,7.1428,0,0,0.0,10.87767339,0,0,0,1
442,35,5,5,1952,0,7.1428,0,0,0.0,6.450926123,0,0,0,1
443,35,5,5,1953,0,7.1428,0,0,0.0,3.032,0,0,0,1
444,35,5,5,1954,0,7.1429,0,0,0.0,4.410280301,0,0,0,1
445,35,5,5,1955,0,7.1429,0,0,0.0,6.369450435,0,0,0,1
446,35,5,5,1956,0,7.1429,0,0,0.0,1.786276086,0,0,0,1
447,35,5,5,1957,0,7.1429,0,0,0.0,2.630675184,0,0,0,1
448,35,5,5,1958,0,7.1429,0,0,0.0,0.0,0,0,0,1
449,35,5,5,1959,0,7.1429,0,0,0.0,0.856645697,0,0,0,1
450,35,5,5,1960,0,7.1429,0,0,0.0,0.846051758,0,0,0,1
451,35,5,5,1961,0,7.1429,0,0,0.0,2.520151341,0,0,0,1
452,35,5,5,1962,0,7.1429,0,0,0.0,2.740605244,0,0,0,1
453,35,5,5,1963,0,7.1429,0,0,0.0,0.0,1,0,0,1
454,35,5,5,1964,0,7.1429,0,0,0.0,-0.285715557,1,0,0,1
455,35,5,5,1965,0,7.1429,0,0,0.0,5.762329909,1,0,0,1
456,35,5,5,1966,0,7.1429,0,0,0.0,3.761913134,1,0,0,1
457,35,5,5,1967,0,7.1429,0,0,0.0,0.537398087,1,0,0,1
458,35,5,5,1968,0,7.1429,0,0,0.0,0.661865236,1,0,0,1
459,35,5,5,1969,0,7.1429,0,0,0.0,-0.131090559,1,0,0,1
460,35,5,5,1970,0,7.1429,0,0,0.0,1.832593812,1,0,0,1
461,35,5,5,1971,0,7.1429,0,0,0.0,5.614773537,1,0,0,1
462,35,5,5,1972,0,7.1429,0,0,0.0,4.52521913,1,0,0,1
463,35,5,5,1973,0,6.9,0,0,0.0,12.66289775,1,0,0,1
464,35,5,5,1974,0,7.1429,0,0,0.0,16.41376144,1,0,0,1
465,35,5,5,1975,0,7.1429,0,0,0.0,19.7347384,1,0,0,1
466,35,5,5,1976,0,8.27,0,0,0.0,9.527607326,1,1,0,1
467,35,5,5,1977,0,7.9471,0,0,0.0,18.01088176,1,0,0,1
468,35,5,5,1978,0,7.1588,0,0,0.0,15.35621451,1,0,0,1
469,35,5,5,1979,0,7.3276,0,0,0.0,8.080283232,1,0,0,1
470,35,5,5,1980,0,7.568499999,0,0,0.0,13.866,1,0,0,1
471,35,5,5,1981,0,10.2862,0,0,0.0,7.895,1,1,0,1
472,35,5,5,1982,0,12.7249,0,0,0.0,13.821,1,1,0,1
473,35,5,5,1983,0,13.7959,0,0,0.0,11.603,1,0,0,1
474,35,5,5,1984,0,15.7813,0,0,0.0,20.667,1,0,1,1
475,35,5,5,1985,1,16.2843,0,0,0.0,11.398,1,0,0,0
476,35,5,5,1986,1,16.0422,0,0,0.0,10.284,1,0,0,0
477,35,5,5,1987,1,16.5149,0,0,0.0,13.007,1,0,0,0
478,35,5,5,1988,1,18.5994,0,0,0.0,4.804,1,0,0,0
479,35,5,5,1989,1,21.601,0,0,0.0,7.617,1,1,0,1
480,35,5,5,1990,0,24.0841,0,0,0.0,11.2,1,0,0,1
481,35,5,5,1991,0,28.0741,0,0,0.0,19.104,1,1,0,1
482,35,5,5,1992,1,36.2163,0,0,0.0,27.332,1,1,1,0
483,35,5,5,1993,1,68.1631,0,0,0.0,45.979,1,1,1,0
484,35,5,5,1994,1,44.8389,0,1,0.0,28.814,1,0,1,0
485,35,5,5,1995,1,55.9389,0,1,0.0,1.554,1,0,0,0
486,35,5,5,1996,1,55.0211,0,1,0.0,8.862,1,0,0,1
487,35,5,5,1997,1,62.6778,0,1,0.0,11.924,1,0,0,1
488,35,5,5,1998,1,61.9056,0,1,0.0,6.716,1,0,0,1
489,35,5,5,1999,1,72.9306,0,0,0.0,5.753,1,1,0,1
490,35,5,5,2000,0,78.0361,0,1,0.0,9.955,1,0,0,1
491,35,5,5,2001,0,78.6,0,0,0.0,5.824,1,0,0,1
492,35,5,5,2002,0,77.0722,0,0,0.0,2.156,1,0,0,1
493,35,5,5,2003,0,76.1389,0,0,0.0,5.983,1,0,0,1
494,35,5,5,2004,0,77.3444,0,0,0.0,8.381,1,0,0,1
495,35,5,5,2005,0,72.3667,0,0,0.0,7.823,1,0,0,1
496,35,5,5,2006,0,69.3967,0,0,0.0,6.041,1,0,0,1
497,35,5,5,2007,0,62.675,0,0,0.0,4.265,1,0,0,1
498,35,5,5,2008,0,77.71111111,0,0,0.0,15.101,1,1,0,1
499,35,5,5,2009,0,75.82,0,0,0.0,10.552,1,0,0,1
500,35,5,5,2010,0,80.75194444,0,0,0.0,4.309,1,0,0,1
501,35,5,5,2011,0,85.0681,0,0,0.0,14.022,1,0,0,1
502,35,5,5,2012,0,86.0008,0,0,0.0,9.378,1,0,0,1
503,35,5,5,2013,0,86.31,0,0,0.0,5.717,1,0,0,1
504,35,5,5,2014,0,89.35,0,0,0.0,6.878,1,0,0,1
505,38,7,6,1947,0,3.3085,0,0,0.0,-9.090909091,0,0,0,1
506,38,7,6,1948,0,3.3085,0,0,0.0,31.99785465,0,0,1,1
507,38,7,6,1949,0,4.7619,0,0,0.0,1.023932388,0,0,0,1
508,38,7,6,1950,0,4.7619,0,0,0.0,4.904878735,0,0,0,1
509,38,7,6,1951,0,4.79201,0,0,0.0,11.15115499,0,0,0,1
510,38,7,6,1952,0,4.74495,0,0,0.0,1.941981994,0,0,0,1
511,38,7,6,1953,0,4.74292,0,0,0.0,-0.634431887,0,0,0,1
512,38,7,6,1954,0,4.78754,0,0,0.0,0.956872627,0,0,0,1
513,38,7,6,1955,0,4.75544,0,0,0.0,-0.315372291,0,0,0,1
514,38,7,6,1956,0,4.78651,0,0,0.0,2.857481221,0,0,0,1
515,38,7,6,1957,0,4.66297,0,0,0.0,-0.926032535,0,0,0,1
516,38,7,6,1958,0,4.75764,0,0,0.0,0.622571969,0,0,0,1
517,38,7,6,1959,0,4.76189,0,0,0.0,-0.618719992,0,0,0,1
518,38,7,6,1960,0,4.75544,0,0,0.0,1.8693761,0,0,0,1
519,38,7,6,1961,0,4.74816,0,0,0.0,-0.612777053,0,0,0,1
520,38,7,6,1962,0,4.75764,0,0,0.0,0.798570117,0,0,0,1
521,38,7,6,1963,0,4.76768,0,0,0.0,1.753672463,1,0,0,1
522,38,7,6,1964,0,4.77879,0,0,0.0,1.8269885,1,0,0,1
523,38,7,6,1965,0,4.75714,0,0,0.0,1.893322561,1,0,0,1
524,38,7,6,1966,0,4.77862,0,0,0.0,2.982014118,1,0,0,1
525,38,7,6,1967,0,5.541,0,0,0.0,2.937830401,1,0,0,1
526,38,7,6,1968,0,5.59189,0,0,0.0,5.329676052,1,0,0,1
527,38,7,6,1969,0,5.55392,0,0,0.0,2.978677387,1,0,0,1
528,38,7,6,1970,0,5.57016,0,0,0.0,0.011228728,1,0,0,1
529,38,7,6,1971,0,5.22362,0,0,0.0,1.886196037,1,0,0,1
530,38,7,6,1972,0,5.6783,0,0,0.0,5.551930333,1,0,0,1
531,38,7,6,1973,0,5.7392,0,0,0.0,20.82296472,1,0,1,1
532,38,7,6,1974,0,5.6774,0,0,0.0,23.79801683,1,0,1,1
533,38,7,6,1975,0,6.5892,0,0,0.0,15.20534955,1,0,0,1
534,38,7,6,1976,0,6.639,0,0,0.0,10.75945144,1,0,0,1
535,38,7,6,1977,0,6.3503,0,0,0.0,9.794534493,1,0,0,1
536,38,7,6,1978,0,5.921,0,0,0.0,9.063188827,1,0,0,1
537,38,7,6,1979,0,7.5855,0,0,0.0,23.21616753,1,1,1,1
538,38,7,6,1980,0,7.8349,0,0,0.0,33.04,1,0,1,1
539,38,7,6,1981,0,10.3293,0,0,0.0,26.45,1,1,1,1
540,38,7,6,1982,0,10.8605,0,0,0.0,13.384,1,0,0,1
541,38,7,6,1983,0,12.7233,0,0,0.0,7.452,1,1,0,1
542,38,7,6,1984,0,15.6033,0,0,0.0,5.525,1,1,0,1
543,38,7,6,1985,0,14.31,0,0,0.0,8.321,1,0,0,1
544,38,7,6,1986,0,13.1367,0,0,0.0,4.336,1,0,0,1
545,38,7,6,1987,0,12.1752,0,0,0.0,0.719,1,0,0,1
546,38,7,6,1988,0,13.8337,0,0,0.0,3.6,1,0,0,1
547,38,7,6,1989,0,14.996,0,0,0.0,13.61,1,0,0,1
548,38,7,6,1990,0,14.322,0,0,0.0,10.705,1,0,0,1
549,38,7,6,1991,0,14.7939,0,0,0.0,12.817,1,0,0,1
550,38,7,6,1992,0,16.998,0,0,0.0,2.857,1,0,0,1
551,38,7,6,1993,0,18.6558,0,0,0.0,15.288,1,0,0,1
552,38,7,6,1994,0,17.8626,0,0,0.0,7.335,1,0,0,1
553,38,7,6,1995,0,17.6641,0,0,0.0,6.026,1,0,0,1
554,38,7,6,1996,0,17.9715,0,0,0.0,6.553,1,0,0,0
555,38,7,6,1997,0,22.265,0,0,0.0,6.831,1,1,0,1
556,38,7,6,1998,0,24.7835,0,0,0.0,6.808,1,0,0,1
557,38,7,6,1999,0,25.468,0,0,0.0,6.872,1,0,0,1
558,38,7,6,2000,0,27.8817,0,0,0.0,4.23,1,0,0,1
559,38,7,6,2001,0,30.3942,0,0,0.0,5.391,1,0,0,1
560,38,7,6,2002,0,29.1968,0,0,0.0,6.414,1,0,0,1
561,38,7,6,2003,0,26.0877,0,0,0.0,3.931,1,0,0,1
562,38,7,6,2004,0,28.2044,0,0,0.0,4.703,1,0,0,1
563,38,7,6,2005,0,30.6666,0,0,0.0,4.921,1,0,0,1
564,38,7,6,2006,0,34.3368,0,0,0.0,8.93,1,0,0,1
565,38,7,6,2007,0,28.2162,0,0,0.0,8.827,1,0,0,1
566,38,7,6,2008,0,31.7555,0,0,0.0,9.731,1,0,0,1
567,38,7,6,2009,0,30.2905,0,0,0.0,2.516,1,0,0,1
568,38,7,6,2010,0,30.39,0,0,0.0,2.929,1,0,0,1
569,38,7,6,2011,0,29.33,0,0,0.0,6.526,1,0,0,1
570,38,7,6,2012,0,30.52,0,0,0.0,4.902,1,0,0,1
571,38,7,6,2013,0,30.12512987,0,0,0.0,4.131,1,0,0,1
572,38,7,6,2014,0,31.7374584,0,0,0.0,3.772,1,0,0,1
573,40,6,7,1940,0,0.917,0,0,0.0,25.0,0,0,1,1
574,40,6,7,1941,0,0.917,0,0,0.0,32.0,0,0,1,1
575,40,6,7,1942,0,0.75,0,0,0.0,38.1935295,0,0,1,1
576,40,6,7,1943,0,0.5,0,0,0.0,28.50635593,0,1,1,1
577,40,6,7,1944,0,0.5674,0,0,0.0,34.8116396,0,1,1,1
578,40,6,7,1945,0,0.5657,0,0,0.0,18.98618075,0,0,0,1
579,40,6,7,1946,0,1.2228,0,0,0.0,56.75522894,0,0,1,1
580,40,6,7,1947,0,1.2228,0,0,0.0,57.47303544,0,1,1,1
581,40,6,7,1948,0,1.2228,0,0,0.0,40.14656285,0,0,1,1
582,40,6,7,1949,0,2.197,0,0,0.0,22.99979203,0,1,1,1
583,40,6,7,1950,0,3.5824,0,0,0.0,1.625584232,0,1,0,1
584,40,6,7,1951,0,3.5824,0,0,0.0,23.2010648,0,0,1,1
585,40,6,7,1952,0,3.5824,0,0,0.0,5.194366741,0,0,0,1
586,40,6,7,1953,0,3.5824,0,0,0.0,-1.234239604,0,0,0,1
587,40,6,7,1954,0,3.5824,0,0,0.0,2.49932689,0,0,0,1
588,40,6,7,1955,0,3.5824,0,0,0.0,5.86226574,0,0,0,1
589,40,6,7,1956,0,3.5824,0,0,0.0,5.714750199,1,0,0,1
590,40,6,7,1957,0,3.5875,0,0,0.0,2.317242942,1,0,0,1
591,40,6,7,1958,0,4.2958,0,0,0.0,4.383973421,1,1,0,1
592,40,6,7,1959,0,4.908,0,0,0.0,-2.171161818,1,1,0,1
593,40,6,7,1960,0,5.0605,0,0,0.0,2.219347442,1,0,0,1
594,40,6,7,1961,0,5.0605,0,0,0.0,2.27574134,1,0,0,1
595,40,6,7,1962,0,5.0241,0,0,0.0,5.408269117,1,0,0,1
596,40,6,7,1963,0,5.0226,0,0,0.0,5.738828475,1,0,0,1
597,40,6,7,1964,0,5.0226,0,0,0.0,4.233330742,1,0,0,1
598,40,6,7,1965,0,5.0235,0,0,0.0,2.481368989,1,0,0,1
599,40,6,7,1966,0,5.0265,0,0,0.0,-0.234959675,1,0,0,1
600,40,6,7,1967,0,5.0276,0,0,0.0,-1.126519599,1,0,0,1
601,40,6,7,1968,0,5.0409,0,0,0.0,1.138535071,1,0,0,1
602,40,6,7,1969,0,5.0493,0,0,0.0,1.691647635,1,0,0,1
603,40,6,7,1970,0,5.0269,0,0,0.0,1.915840245,1,0,0,1
604,40,6,7,1971,0,4.76,0,0,0.0,4.397441072,1,0,0,1
605,40,6,7,1972,0,4.5569,0,0,0.0,3.211368966,1,0,0,1
606,40,6,7,1973,0,3.8851,0,0,0.0,7.193348119,1,0,0,1
607,40,6,7,1974,0,4.1548,0,0,0.0,15.97890765,1,0,0,1
608,40,6,7,1975,0,3.8379,0,0,0.0,7.00696628,1,0,0,1
609,40,6,7,1976,0,4.2041,0,0,0.0,10.97328486,1,0,0,1
610,40,6,7,1977,0,4.32,0,0,0.0,10.81415052,1,0,0,1
611,40,6,7,1978,0,3.88645,0,0,0.0,9.720054887,1,0,0,1
612,40,6,7,1979,0,3.7388,0,0,0.0,8.651393052,1,0,0,1
613,40,6,7,1980,0,4.334149999,0,0,0.0,9.408,1,0,0,1
614,40,6,7,1981,0,5.333349999,0,0,0.0,12.493,1,0,0,1
615,40,6,7,1982,0,6.267549999,0,0,0.0,10.528,1,0,0,1
616,40,6,7,1983,1,8.060999999,0,1,0.13,6.208,1,0,0,0
617,40,6,7,1984,1,9.551199999,0,0,0.0,12.448,1,0,0,0
618,40,6,7,1985,0,9.621299999,0,0,0.0,7.729,1,1,0,1
619,40,6,7,1986,0,8.7117,0,1,0.13,8.734,1,0,0,1
620,40,6,7,1987,0,7.8003,0,1,0.13,2.699,1,0,0,1
621,40,6,7,1988,0,8.2106,0,1,0.13,2.369,1,0,0,1
622,40,6,7,1989,0,8.1218,0,1,0.13,3.138,1,0,0,1
623,40,6,7,1990,0,8.0429,0,1,0.13,6.026,1,0,0,1
624,40,6,7,1991,0,8.1499,0,0,0.0,8.991,1,0,0,1
625,40,6,7,1992,0,9.0487,0,0,0.0,5.74,1,0,0,1
626,40,6,7,1993,0,9.6512,0,0,0.0,5.183,1,0,0,1
627,40,6,7,1994,0,8.9596,0,0,0.0,5.142,1,0,0,1
628,40,6,7,1995,0,8.4689,0,0,0.0,6.124,1,0,0,1
629,40,6,7,1996,0,8.7995,0,0,0.0,2.987,1,0,0,1
630,40,6,7,1997,0,9.7141,0,0,0.0,1.041,1,0,0,1
631,40,6,7,1998,0,9.2551,0,0,0.0,2.745,1,0,0,1
632,40,6,7,1999,0,10.087,0,0,0.0,0.69,1,0,0,1
633,40,6,7,2000,0,10.619,0,0,0.0,1.923,1,0,0,1
634,40,6,7,2001,0,11.56,0,0,0.0,0.613,1,0,0,1
635,40,6,7,2002,0,10.167,0,0,0.0,2.779,1,0,0,1
636,40,6,7,2003,0,8.7499,0,0,0.0,1.163,1,0,0,1
637,40,6,7,2004,0,8.2177,0,0,0.0,1.493,1,0,0,1
638,40,6,7,2005,0,9.2494,0,0,0.0,0.983,1,0,0,1
639,40,6,7,2006,0,8.4566,0,0,0.0,3.285,1,0,0,1
640,40,6,7,2007,0,7.7132,0,0,0.0,2.036,1,0,0,1
641,40,6,7,2008,0,8.0982,0,0,0.0,3.891,1,0,0,1
642,40,6,7,2009,0,7.8601,0,0,0.0,0.972,1,0,0,1
643,40,6,7,2010,0,8.3569,0,0,0.0,0.994,1,0,0,1
644,40,6,7,2011,0,8.5772,0,0,0.0,0.907,1,0,0,1
645,40,6,7,2012,0,8.4335,0,0,0.0,1.287,1,0,0,1
646,40,6,7,2013,0,8.15,0,0,0.0,1.881,1,0,0,1
647,40,6,7,2014,0,8.82,0,0,0.0,0.443,1,0,0,1
648,45,8,8,1954,0,0.0,0,0,0.0,3.10291645,0,0,0,1
649,45,8,8,1955,0,0.0,0,0,0.0,6.173562277,0,0,0,1
650,45,8,8,1956,0,0.0,0,0,0.0,6.862909067,0,0,0,1
651,45,8,8,1957,0,0.0,0,0,0.0,1.546396847,0,0,0,1
652,45,8,8,1958,0,0.0,0,0,0.0,-3.399990138,0,0,0,1
653,45,8,8,1959,0,0.0,0,0,0.0,4.707596881,0,0,0,1
654,45,8,8,1960,0,0.0,0,0,0.0,4.325727898,1,0,0,1
655,45,8,8,1961,0,0.0,0,0,0.0,6.217386806,1,0,0,1
656,45,8,8,1962,0,0.0,0,0,0.0,2.911602856,1,0,0,1
657,45,8,8,1963,0,0.0,0,0,0.0,-1.028492383,1,0,0,1
658,45,8,8,1964,0,0.0,0,0,0.0,0.938030761,1,0,0,1
659,45,8,8,1965,0,0.0,0,0,0.0,4.601492449,1,0,0,1
660,45,8,8,1966,0,0.0,0,0,0.0,8.140460297,1,0,0,1
661,45,8,8,1967,0,0.0,0,0,0.0,-4.55304656,1,0,0,1
662,45,8,8,1968,0,0.0,0,0,0.0,2.733415482,1,0,0,1
663,45,8,8,1969,0,0.0,0,0,0.0,11.00320434,1,0,0,1
664,45,8,8,1970,0,0.0,0,0,0.0,13.41347233,1,0,0,1
665,45,8,8,1971,0,0.0,0,0,0.0,15.47842436,1,0,0,1
666,45,8,8,1972,0,0.0,0,0,0.0,-0.008248214,1,0,0,1
667,45,8,8,1973,0,0.657894999,0,0,0.0,11.67346946,1,1,0,1
668,45,8,8,1974,0,0.616218881,0,0,0.0,11.25943742,1,0,0,1
669,45,8,8,1975,0,0.614665929,0,0,0.0,38.50391131,1,0,1,1
670,45,8,8,1976,0,0.631074088,0,0,0.0,18.33643443,1,0,0,1
671,45,8,8,1977,0,0.651380928,0,0,0.0,22.3551061,1,0,1,1
672,45,8,8,1978,0,0.64808814,0,0,0.0,15.78133117,1,0,0,1
673,45,8,8,1979,0,0.570613409,0,0,0.0,10.06822352,1,0,0,1
674,45,8,8,1980,0,0.544454729,0,0,0.0,9.97,1,0,0,1
675,45,8,8,1981,0,0.636902109,0,0,0.0,20.555,1,1,0,1
676,45,8,8,1982,0,0.670241287,0,0,0.0,5.882,1,0,1,1
677,45,8,8,1983,0,0.748559024,0,0,0.0,22.222,1,0,0,1
678,45,8,8,1984,0,0.808276754,0,0,0.0,40.909,1,0,1,1
679,45,8,8,1985,0,0.99960016,0,0,0.0,3.226,1,1,1,1
680,45,8,8,1986,0,3.316749585,0,0,0.0,6.25,1,1,0,1
681,45,8,8,1987,0,4.140786749,0,1,0.0,11.765,1,1,0,1
682,45,8,8,1988,0,5.353319058,0,1,0.0,34.211,1,1,0,1
683,45,8,8,1989,0,7.651109411,0,1,0.0,49.02,1,1,1,1
684,45,8,8,1990,0,9.00090009,0,1,0.0,7.895,1,1,1,1
685,45,8,8,1992,1,19.64636542,0,1,0.0,44.565,1,1,0,0
686,45,8,8,1993,1,21.88183807,0,1,0.0,57.143,1,0,1,0
687,45,8,8,1994,1,21.99736032,0,1,0.0,57.416,1,0,1,0
688,45,8,8,1995,1,21.88662727,0,0,0.0,72.729,1,0,1,0
689,45,8,8,1996,0,21.8861,0,0,0.0,29.292,1,0,1,1
690,45,8,8,1997,0,21.886,0,0,0.0,10.673,1,0,1,0
691,45,8,8,1998,0,21.886,0,0,0.0,7.862,1,0,0,1
692,45,8,8,1999,0,97.95,0,0,0.0,6.618,1,1,0,1
693,45,8,8,2000,0,109.55,0,0,0.0,6.938,1,0,0,1
694,45,8,8,2001,0,112.95,0,0,0.0,18.869,1,0,0,1
695,45,8,8,2002,0,126.4,0,0,0.0,12.883,1,0,0,1
696,45,8,8,2003,0,136.5,0,0,0.0,14.033,1,0,0,1
697,45,8,8,2004,0,132.35,0,1,0.0,15.001,1,0,0,1
698,45,8,8,2005,0,129.0,0,1,0.0,17.856,1,0,0,1
699,45,8,8,2006,0,128.27,0,0,0.0,8.218,1,0,0,1
700,45,8,8,2007,0,117.968,0,0,0.0,5.413,1,0,0,1
701,45,8,8,2008,0,132.5625,0,0,0.0,11.581,1,0,0,1
702,45,8,8,2009,1,149.581,0,0,0.0,12.543,1,0,0,0
703,45,8,8,2010,1,150.6617,0,0,0.0,13.72,1,0,0,0
704,45,8,8,2011,1,158.267,0,0,0.0,10.841,1,0,0,0
705,45,8,8,2012,1,155.27,0,0,0.0,12.225,1,0,0,0
706,45,8,8,2013,1,155.2,0,0,0.0,8.495,1,0,0,0
707,45,8,8,2014,1,155.25,0,0,0.0,8.048,1,0,0,0
708,56,10,9,1900,0,0.2061,0,0,0.0,4.109589041,0,0,0,1
709,56,10,9,1901,0,0.2045,0,0,0.0,9.204368175,0,0,0,1
710,56,10,9,1902,0,0.2049,0,0,0.0,2.414285714,0,0,0,1
711,56,10,9,1903,0,0.2047,0,0,0.0,-8.236853118,0,0,0,1
712,56,10,9,1904,0,0.20455,0,0,0.0,-5.130348864,0,0,0,1
713,56,10,9,1905,0,0.20485,0,0,0.0,-6.753725365,0,0,0,1
714,56,10,9,1906,0,0.2053,0,0,0.0,-7.251482086,0,0,0,1
715,56,10,9,1907,0,0.20405,0,0,0.0,-1.556276054,0,0,0,1
716,56,10,9,1908,0,0.2052,0,0,0.0,-1.590288887,0,0,0,1
717,56,10,9,1909,0,0.2049,0,0,0.0,4.838401224,0,0,0,1
718,56,10,9,1910,0,0.2048,0,0,0.0,15.38672018,1,0,0,1
719,56,10,9,1911,0,0.2051,0,0,0.0,3.999683819,1,0,0,1
720,56,10,9,1912,0,0.20485,0,0,0.0,2.561374173,1,0,0,1
721,56,10,9,1913,0,0.20485,0,0,0.0,1.252408478,1,0,0,1
722,56,10,9,1914,0,0.18925,0,0,0.0,1.236917222,1,0,0,1
723,56,10,9,1915,0,0.2063,0,0,0.0,4.87275882,1,0,0,1
724,56,10,9,1916,0,0.20965,0,0,0.0,5.81828209,1,0,0,1
725,56,10,9,1917,0,0.20985,0,0,0.0,9.889250814,1,0,0,1
726,56,10,9,1918,0,0.2098,0,0,0.0,7.001422812,1,0,0,1
727,56,10,9,1919,0,0.20985,0,0,0.0,0.93079949,1,0,0,1
728,56,10,9,1920,0,0.2532,0,0,0.0,35.18691332,1,0,1,1
729,56,10,9,1921,0,0.2406,0,0,0.0,-18.07365899,1,0,0,1
730,56,10,9,1922,0,0.21695,0,0,0.0,-3.95519429,1,0,0,1
731,56,10,9,1923,0,0.21295,0,0,0.0,0.758592218,1,0,0,1
732,56,10,9,1924,0,0.21295,0,0,0.0,0.0,1,0,0,1
733,56,10,9,1925,0,0.20575,0,0,0.0,-1.505761844,1,0,0,1
734,56,10,9,1926,0,0.2056,0,0,0.0,-1.523581717,1,0,0,1
735,56,10,9,1927,0,0.2065,0,0,0.0,2.323371,1,0,0,1
736,56,10,9,1928,0,0.2065,0,0,0.0,-0.758592218,1,0,0,1
737,56,10,9,1929,0,0.2065,0,0,0.0,-1.523581717,1,0,0,1
738,56,10,9,1930,0,0.2065,0,0,0.0,-2.328651389,1,0,0,1
739,56,10,9,1931,0,0.2065,0,0,0.0,-3.968211061,1,0,0,1
740,56,10,9,1932,0,0.2084,0,0,0.0,-5.432640883,1,0,0,1
741,56,10,9,1933,0,0.19635,0,0,0.0,2.39909513,1,1,0,1
742,56,10,9,1934,0,0.1963,0,0,0.0,-1.453403872,1,0,0,1
743,56,10,9,1935,0,0.20385,0,0,0.0,-0.44835113,1,0,0,1
744,56,10,9,1936,0,0.2008,0,0,0.0,0.906666667,1,0,0,1
745,56,10,9,1937,0,0.202,0,0,0.0,5.63777308,1,0,0,1
746,56,10,9,1938,0,0.2012,0,0,0.0,-0.32243718,1,0,0,1
747,56,10,9,1939,0,0.21565,0,0,0.0,0.858895706,1,0,0,1
748,56,10,9,1940,0,0.25125,0,0,0.0,3.926122539,1,1,0,1
749,56,10,9,1941,0,0.25125,0,0,0.0,6.02851974,1,0,0,1
750,56,10,9,1942,0,0.25125,0,0,0.0,8.671651528,1,0,0,1
751,56,10,9,1943,0,0.25125,0,0,0.0,4.964211498,1,0,0,1
752,56,10,9,1944,0,0.25125,0,0,0.0,3.884733832,1,0,0,1
753,56,10,9,1945,0,0.2497,0,0,0.0,0.762291958,1,0,0,1
754,56,10,9,1946,0,0.2497,0,0,0.0,6.060606061,1,0,0,1
755,56,10,9,1947,0,0.3077,0,0,0.0,4.287695661,1,0,0,1
756,56,10,9,1948,0,0.28985,0,0,0.0,6.847285025,1,0,0,1
757,56,10,9,1949,0,0.31745,0,0,0.0,2.564102564,1,0,0,1
758,56,10,9,1950,0,0.35715,0,0,0.0,6.875866852,1,1,0,1
759,56,10,9,1951,0,0.35715,0,0,0.0,7.653375726,1,0,0,1
760,56,10,9,1952,0,0.35715,0,0,0.0,6.609004882,1,0,0,1
761,56,10,9,1953,0,0.35715,0,0,0.0,0.777385159,1,0,0,1
762,56,10,9,1954,0,0.35715,0,0,0.0,3.8457223,1,0,0,1
763,56,10,9,1955,0,0.35715,0,0,0.0,1.699035682,1,0,0,1
764,56,10,9,1956,0,0.35715,0,0,0.0,1.888446215,1,0,0,1
765,56,10,9,1957,0,0.3568,0,0,0.0,3.263731394,1,0,0,1
766,56,10,9,1958,0,0.3554,0,0,0.0,3.160578598,1,0,0,1
767,56,10,9,1959,0,0.35555,0,0,0.0,0.785513275,1,0,0,1
768,56,10,9,1960,0,0.3557,0,0,0.0,1.583062206,1,0,0,1
769,56,10,9,1961,0,0.3557,0,0,0.0,2.079449304,1,0,0,1
770,56,10,9,1962,0,0.3557,0,0,0.0,1.325278636,1,0,0,1
771,56,10,9,1963,0,0.3573,0,0,0.0,1.005222535,1,0,0,1
772,56,10,9,1964,0,0.3576,0,0,0.0,4.141937863,1,0,0,1
773,56,10,9,1965,0,0.3571,0,0,0.0,3.489437844,1,0,0,1
774,56,10,9,1966,0,0.3571,0,0,0.0,3.638360819,1,0,0,1
775,56,10,9,1967,0,0.7093,0,0,0.0,2.151507653,1,2,0,1
776,56,10,9,1968,0,0.7119,0,0,0.0,3.045535464,1,0,0,1
777,56,10,9,1969,0,0.7149,0,0,0.0,3.812391596,1,0,0,1
778,56,10,9,1970,0,0.7131,0,0,0.0,4.882526907,1,0,0,1
779,56,10,9,1971,0,0.696,0,0,0.0,6.705448811,1,0,0,1
780,56,10,9,1972,0,0.7394,0,0,0.0,8.431511329,1,0,0,1
781,56,10,9,1973,0,0.6667,0,0,0.0,10.76861601,1,0,0,1
782,56,10,9,1974,0,0.6678,0,0,0.0,13.81223876,1,0,0,1
783,56,10,9,1975,0,0.6725,0,0,0.0,11.25107466,1,0,0,1
784,56,10,9,1976,0,0.8673,0,0,0.0,11.31771632,1,0,0,1
785,56,10,9,1977,0,0.8681,0,0,0.0,10.21066965,1,0,0,0
786,56,10,9,1978,0,0.8684,0,0,0.0,12.23442663,1,0,0,0
787,56,10,9,1979,0,0.8244,0,0,0.0,13.89287442,1,0,0,1
788,56,10,9,1980,0,0.745378653,0,0,0.0,14.236,1,0,0,1
789,56,10,9,1981,0,0.956571648,0,0,0.0,15.741,1,1,0,1
790,56,10,9,1982,0,1.076310408,0,0,0.0,14.4,1,0,0,1
791,56,10,9,1983,0,1.221896383,0,0,0.0,12.587,1,0,0,1
792,56,10,9,1984,0,1.984914649,0,0,0.0,11.18,1,1,0,1
793,56,10,9,1985,0,2.557544764,0,1,0.36,16.201,1,1,0,1
794,56,10,9,1986,0,2.183406114,0,1,0.36,18.75,1,0,0,1
795,56,10,9,1987,0,1.929943067,0,1,0.36,16.194,1,0,0,1
796,56,10,9,1988,0,2.377725468,0,0,0.0,12.892,1,1,0,1
797,56,10,9,1989,0,2.536011361,0,1,0.36,14.506,1,0,0,0
798,56,10,9,1990,0,2.562525625,0,0,0.0,14.286,1,0,0,1
799,56,10,9,1991,0,2.743032697,0,0,0.0,15.566,1,0,0,1
800,56,10,9,1992,0,3.053,0,0,0.0,13.673,1,0,0,1
801,56,10,9,1993,0,3.3975,0,1,0.36,9.874,1,0,0,1
802,56,10,9,1994,0,3.5435,0,0,0.0,8.824,1,0,0,1
803,56,10,9,1995,0,3.6475,0,0,0.0,8.709,1,0,0,1
804,56,10,9,1996,0,4.6825,0,0,0.0,7.32,1,1,0,1
805,56,10,9,1997,0,4.8675,0,0,0.0,8.623,1,0,0,1
806,56,10,9,1998,0,5.86,0,0,0.0,6.872,1,1,0,1
807,56,10,9,1999,0,6.1545,0,0,0.0,5.211,1,0,0,1
808,56,10,9,2000,0,7.5685,0,0,0.0,5.374,1,1,0,1
809,56,10,9,2001,0,12.1265,0,0,0.0,5.7,1,1,0,1
810,56,10,9,2002,0,8.64,0,0,0.0,9.177,1,0,0,1
811,56,10,9,2003,0,6.64,0,0,0.0,5.806,1,0,0,1
812,56,10,9,2004,0,5.63,0,0,0.0,1.392,1,0,0,1
813,56,10,9,2005,0,6.325,0,0,0.0,3.393,1,0,0,1
814,56,10,9,2006,0,6.97,0,0,0.0,4.688,1,0,0,1
815,56,10,9,2007,0,6.81,0,0,0.0,7.09,1,0,0,1
816,56,10,9,2008,0,9.305,0,0,0.0,11.536,1,1,0,1
817,56,10,9,2009,0,7.38,0,0,0.0,7.13,1,0,0,1
818,56,10,9,2010,0,6.6316,0,0,0.0,4.257,1,0,0,1
819,56,10,9,2011,0,8.1429,0,0,0.0,5.0,1,1,0,1
820,56,10,9,2012,0,8.50115,0,0,0.0,5.654,1,0,0,1
821,56,10,9,2013,0,10.48985,0,0,0.0,5.752,1,1,0,1
822,63,9,10,1940,0,49.189,0,0,0.0,22.01300157,0,0,1,1
823,63,9,10,1941,0,44.937,0,0,0.0,24.58203197,0,0,1,1
824,63,9,10,1942,0,129.831,0,0,0.0,24.99631323,0,0,1,1
825,63,9,10,1943,0,50.0,0,0,0.0,72.10948561,0,0,1,1
826,63,9,10,1944,0,55.355,0,0,0.0,37.61310666,0,1,1,1
827,63,9,10,1945,0,55.191,0,0,0.0,13.77833126,0,0,0,1
828,63,9,10,1946,0,119.3,0,0,0.0,49.61253886,0,1,1,1
829,63,9,10,1947,0,119.3,0,0,0.0,67.09975712,0,0,1,1
830,63,9,10,1948,0,119.3,0,0,0.0,69.14172635,0,0,1,1
831,63,9,10,1949,0,214.34,0,0,0.0,4.156960191,0,1,0,1
832,63,9,10,1950,0,349.5,0,0,0.0,3.502982107,0,1,0,1
833,63,9,10,1951,0,349.5,0,0,0.0,15.03591871,0,0,0,1
834,63,9,10,1952,0,349.5,0,0,0.0,7.006177993,0,0,0,1
835,63,9,10,1953,0,349.5,0,0,0.0,-0.595293824,0,0,0,1
836,63,9,10,1954,0,349.5,0,0,0.0,4.192011553,0,0,0,1
837,63,9,10,1955,0,349.5,0,0,0.0,0.0,0,0,0,1
838,63,9,10,1956,0,349.5,0,1,0.06,4.807532957,1,0,0,1
839,63,9,10,1957,0,350.0,0,0,0.0,5.504844321,1,0,0,1
840,63,9,10,1958,0,0.4197,0,1,0.06,5.216941093,1,2,0,1
841,63,9,10,1959,0,0.42,0,0,0.0,-8.264216667,1,0,0,1
842,63,9,10,1960,0,0.42,0,0,0.0,1.801884462,1,0,0,1
843,63,9,10,1961,0,0.42,0,0,0.0,-1.769991264,1,0,0,1
844,63,9,10,1962,0,0.42,0,0,0.0,5.78395737,1,0,0,1
845,63,9,10,1963,0,0.42,0,1,0.06,0.970776621,1,0,0,1
846,63,9,10,1964,0,0.42,0,0,0.0,5.939573494,1,0,0,1
847,63,9,10,1965,0,0.52,0,0,0.0,5.549985502,1,1,0,1
848,63,9,10,1966,0,0.52,0,0,0.0,4.536102074,1,0,0,1
849,63,9,10,1967,0,0.52,0,0,0.0,2.843700217,1,0,0,1
850,63,9,10,1968,0,0.52,0,0,0.0,2.498763969,1,0,0,1
851,63,9,10,1969,0,0.52,0,0,0.0,2.804694188,1,0,0,1
852,63,9,10,1970,0,0.52,0,0,0.0,1.562639485,1,0,0,1
853,63,9,10,1971,0,0.48,0,0,0.0,4.253194018,1,0,0,1
854,63,9,10,1972,0,0.475,0,0,0.0,2.715966924,1,0,0,1
855,63,9,10,1973,0,0.3865,0,0,0.0,5.784875818,1,0,0,1
856,63,9,10,1974,0,0.425,0,0,0.0,4.685641394,1,1,0,1
857,63,9,10,1975,0,0.4712,0,0,0.0,10.05684308,1,0,0,1
858,63,9,10,1976,0,0.5587,0,0,0.0,3.293128476,1,0,0,1
859,63,9,10,1977,0,0.4275,0,0,0.0,8.19487405,1,0,0,1
860,63,9,10,1978,0,0.46,0,0,0.0,4.63026082,1,1,0,1
861,63,9,10,1979,0,0.405,0,1,0.06,8.557119849,1,0,0,1
862,63,9,10,1980,0,0.418699999,0,1,0.06,10.011,1,0,0,1
863,63,9,10,1981,0,0.515649999,0,1,0.06,8.903,1,0,0,1
864,63,9,10,1982,0,0.615749999,0,1,0.06,13.673,1,0,0,1
865,63,9,10,1983,0,0.7271,0,0,0.0,8.972,1,0,0,1
866,63,9,10,1984,0,0.8666,0,0,0.0,8.596,1,0,0,1
867,63,9,10,1985,0,0.75695,0,0,0.0,7.551,1,0,0,1
868,63,9,10,1986,0,0.8402,0,0,0.0,6.159,1,1,0,1
869,63,9,10,1987,0,0.77785,0,0,0.0,8.224,1,0,0,1
870,63,9,10,1988,0,0.89845,0,0,0.0,7.156,1,0,0,1
871,63,9,10,1989,0,0.9046,0,0,0.0,7.722,1,0,0,1
872,63,9,10,1990,0,0.83675,0,0,0.0,6.502,1,0,0,1
873,63,9,10,1991,1,0.8645,0,0,0.0,7.693,1,0,0,0
874,63,9,10,1992,1,0.95065,0,0,0.0,5.518,1,0,0,0
875,63,9,10,1993,1,1.0466,0,0,0.0,4.04,1,0,0,0
876,63,9,10,1994,1,0.9912,0,0,0.0,5.423,1,0,0,0
877,63,9,10,1995,1,0.9508,0,0,0.0,6.232,1,0,0,0
878,63,9,10,1996,0,0.9985,0,0,0.0,3.733,1,0,0,1
879,63,9,10,1997,0,1.1475,0,0,0.0,3.599,1,0,0,1
880,63,9,10,1998,0,1.101,0,0,0.0,3.102,1,0,0,1
881,63,9,10,1999,0,1.2525,0,0,0.0,2.768,1,0,0,1
882,63,9,10,2000,0,1.3853,0,0,0.0,2.77,1,0,0,1
883,63,9,10,2001,0,1.4683,0,0,0.0,1.987,1,0,0,1
884,63,9,10,2002,0,1.3341,0,0,0.0,2.706,1,0,0,1
885,63,9,10,2003,0,1.2083,0,0,0.0,2.724,1,0,0,1
886,63,9,10,2004,0,1.1994,0,0,0.0,3.621,1,0,0,1
887,63,9,10,2005,0,1.3634,0,0,0.0,1.444,1,0,0,1
888,63,9,10,2006,0,1.2971,0,0,0.0,4.143,1,0,0,1
889,63,9,10,2007,0,1.2207,0,0,0.0,3.438,1,0,0,1
890,63,9,10,2008,0,1.3099,0,0,0.0,4.913,1,0,0,1
891,63,9,10,2009,0,1.3173,0,0,0.0,3.53,1,0,0,1
892,63,9,10,2010,0,1.4379,0,0,0.0,4.409,1,0,0,1
893,63,9,10,2011,0,1.4993,0,0,0.0,3.541,1,0,0,1
894,63,9,10,2012,0,1.5506,0,0,0.0,5.139,1,0,0,1
895,63,9,10,2013,0,1.653095696,0,0,0.0,5.805,1,0,0,1
896,63,9,10,2014,0,1.862411798,0,0,0.0,4.924,1,0,0,1
897,69,11,11,1943,0,0.0004976,0,0,0.0,2.857142857,0,0,0,1
898,69,11,11,1944,0,0.0004976,0,0,0.0,2.777777778,0,0,0,1
899,69,11,11,1945,0,0.0004968,0,0,0.0,2.702702703,0,0,0,1
900,69,11,11,1946,0,0.0004968,0,0,0.0,7.894736842,0,0,0,1
901,69,11,11,1947,0,0.0004958,0,0,0.0,2.43902439,0,0,0,1
902,69,11,11,1948,0,0.000496,0,0,0.0,4.761904762,0,0,0,1
903,69,11,11,1949,0,0.0007142,0,0,0.0,2.272727273,0,0,0,1
904,69,11,11,1950,0,0.000714,0,0,0.0,4.444444444,0,1,0,1
905,69,11,11,1951,0,0.000719,0,0,0.0,6.382978723,0,0,0,1
906,69,11,11,1952,0,0.0007118,0,0,0.0,4.0,0,0,0,1
907,69,11,11,1953,0,0.0007116,0,0,0.0,3.846153846,0,0,0,1
908,69,11,11,1954,0,0.000718,0,0,0.0,3.703703704,0,0,0,1
909,69,11,11,1955,0,0.0007136,0,0,0.0,3.571428571,0,0,0,1
910,69,11,11,1956,0,0.000718,0,0,0.0,3.103448276,0,0,0,1
911,69,11,11,1957,0,0.000712,0,0,0.0,3.177257525,0,0,0,1
912,69,11,11,1958,0,0.0007138,0,0,0.0,1.13452188,0,0,0,1
913,69,11,11,1959,0,0.0007144,0,0,0.0,2.083333333,0,0,0,1
914,69,11,11,1960,0,0.0007134,0,0,0.0,3.453689168,0,0,0,1
915,69,11,11,1961,0,0.0007122,0,0,0.0,0.151745068,0,0,0,1
916,69,11,11,1962,0,0.0007136,0,0,0.0,1.363636364,0,0,0,1
917,69,11,11,1963,0,0.000715,0,0,0.0,-0.448430493,0,0,0,1
918,69,11,11,1964,0,0.0007168,0,0,0.0,3.003003003,1,0,0,1
919,69,11,11,1965,0,0.0007136,0,0,0.0,8.163265306,1,0,0,1
920,69,11,11,1966,0,0.0007168,0,0,0.0,10.2425876,1,0,0,1
921,69,11,11,1967,0,0.0007104,0,0,0.0,5.012224939,1,0,0,1
922,69,11,11,1968,0,0.0007168,0,0,0.0,10.71012806,1,0,0,1
923,69,11,11,1969,0,0.0007126,0,0,0.0,2.523659306,1,0,0,1
924,69,11,11,1970,0,0.0007141,0,0,0.0,2.564102564,1,0,0,1
925,69,11,11,1971,0,0.0007143,0,0,0.0,6.52173913,1,0,0,1
926,69,11,11,1972,0,0.0007143,0,0,0.0,4.761904762,1,0,0,1
927,69,11,11,1973,0,0.0006429,0,0,0.0,6.493506494,1,0,0,1
928,69,11,11,1974,0,0.0006429,0,0,0.0,7.926829268,1,0,0,1
929,69,11,11,1975,0,0.0006429,0,0,0.0,10.16949153,1,0,0,1
930,69,11,11,1976,0,0.0007934,0,0,0.0,18.97435897,1,0,0,1
931,69,11,11,1977,0,0.0007589,0,0,0.0,19.82758621,1,1,0,1
932,69,11,11,1978,0,0.0007862,0,0,0.0,16.18705036,1,0,0,1
933,69,11,11,1979,0,0.0007775,0,0,0.0,9.59752322,1,0,0,1
934,69,11,11,1980,0,0.0008031,0,0,0.0,11.729,1,0,0,1
935,69,11,11,1981,0,0.00088,0,0,0.0,13.997,1,0,0,1
936,69,11,11,1982,0,0.0009285,0,0,0.0,12.495,1,0,0,1
937,69,11,11,1983,0,0.001236,0,1,0.0,19.692,1,1,0,1
938,69,11,11,1984,0,0.002105,0,1,0.0,20.019,1,1,1,1
939,69,11,11,1985,0,0.00563,0,1,0.0,37.43,1,1,1,1
940,69,11,11,1986,0,0.01448,0,1,0.0,54.8,1,1,1,1
941,69,11,11,1987,0,0.0077,0,1,0.0,47.028,1,0,1,1
942,69,11,11,1988,0,0.0095,0,1,0.0,54.042,1,1,1,1
943,69,11,11,1989,0,0.01841,0,1,0.0,128.294,1,1,1,1
944,69,11,11,1990,0,0.0459,0,1,0.0,109.558,1,1,1,1
945,69,11,11,1991,0,0.08733,0,1,0.0,97.701,1,1,1,1
946,69,11,11,1992,0,0.31496,0,1,0.0,165.725,1,1,1,1
947,69,11,11,1993,0,0.561,0,1,0.0,183.263,1,1,1,1
948,69,11,11,1994,0,0.699,0,1,0.0,54.614,1,1,1,1
949,69,11,11,1995,1,0.978,0,0,0.0,34.905,1,1,1,0
950,69,11,11,1996,1,1.287,0,0,0.0,43.095,1,1,1,0
951,69,11,11,1997,1,1.44,0,0,0.0,24.41,1,0,1,0
952,69,11,11,1998,1,2.425,0,0,0.0,24.456,1,1,1,0
953,69,11,11,1999,0,2.76,0,0,0.0,26.79,1,0,1,1
954,69,11,11,2000,0,4.45,0,0,0.0,26.1,1,1,1,1
955,69,11,11,2001,0,3.735,0,0,0.0,21.357,1,0,1,1
956,69,11,11,2002,0,4.5,0,0,0.0,22.239,1,0,1,1
957,69,11,11,2003,0,4.4,0,0,0.0,21.4,1,0,1,1
958,69,11,11,2004,0,4.6,0,0,0.0,17.969,1,0,0,1
959,69,11,11,2005,0,3.34,0,0,0.0,18.325,1,0,0,1
960,69,11,11,2006,0,4.41722,0,0,0.0,9.017,1,0,0,1
961,69,11,11,2007,0,3.83,0,0,0.0,10.655,1,0,0,1
962,69,11,11,2008,0,4.83226,0,0,0.0,12.449,1,1,0,1
963,69,11,11,2009,0,4.631,0,0,0.0,13.392,1,0,0,1
964,69,11,11,2010,0,4.7899,0,0,0.0,8.5,1,0,0,1
965,69,11,11,2011,0,5.11398,0,0,0.0,8.658,1,0,0,1
966,69,11,11,2012,0,5.1466133,0,0,0.0,6.575,1,0,0,1
967,69,11,11,2013,0,5.52,0,0,0.0,6.978,1,1,0,1
968,69,11,11,2014,0,6.3856,0,0,0.0,7.811,1,0,0,1
969,70,12,12,1921,0,4.81e-27,0,0,0.0,-17.24137931,0,0,0,1
970,70,12,12,1922,0,4.34e-27,0,0,0.0,-13.88888889,0,0,0,1
971,70,12,12,1923,0,4.59e-27,0,0,0.0,-4.032258065,0,0,0,1
972,70,12,12,1927,0,4.1000000000000006e-27,0,0,0.0,0.847457627,0,0,0,1
973,70,12,12,1928,0,4.1200000000000004e-27,0,0,0.0,0.840336134,0,0,0,1
974,70,12,12,1929,0,4.1000000000000006e-27,0,0,0.0,0.0,0,0,0,1
975,70,12,12,1930,0,4.1200000000000004e-27,0,0,0.0,-5.0,0,0,0,1
976,70,12,12,1931,0,5.9300000000000006e-27,0,0,0.0,-7.01754386,0,0,0,1
977,70,12,12,1932,0,6.100000000000001e-27,0,0,0.0,-3.773584906,0,0,0,1
978,70,12,12,1933,0,3.91e-27,0,0,0.0,-2.941176471,0,0,0,1
979,70,12,12,1934,0,4.0400000000000005e-27,0,0,0.0,-1.01010101,0,0,0,1
980,70,12,12,1935,0,4.06e-27,0,0,0.0,0.0,0,0,0,1
981,70,12,12,1936,0,4.08e-27,0,0,0.0,-1.020408163,0,0,0,1
982,70,12,12,1937,0,4e-27,0,0,0.0,6.18556701,0,0,0,1
983,70,12,12,1938,0,4.28e-27,0,0,0.0,-2.912621359,0,0,0,1
984,70,12,12,1939,0,5.0900000000000004e-27,0,0,0.0,0.906344411,0,0,0,1
985,70,12,12,1940,0,4.9600000000000006e-27,0,0,0.0,2.994011976,0,0,0,1
986,70,12,12,1941,0,4.9600000000000006e-27,0,0,0.0,3.779069767,0,0,0,1
987,70,12,12,1942,0,4.9600000000000006e-27,0,0,0.0,5.602240896,0,0,0,1
988,70,12,12,1943,0,4.9600000000000006e-27,0,0,0.0,6.100795756,0,0,0,1
989,70,12,12,1944,0,4.9600000000000006e-27,0,0,0.0,3.0,0,0,0,1
990,70,12,12,1945,0,4.9600000000000006e-27,0,0,0.0,2.669902913,0,0,0,1
991,70,12,12,1946,0,4.9600000000000006e-27,0,0,0.0,5.200945626,0,0,0,1
992,70,12,12,1947,0,4.9600000000000006e-27,0,0,0.0,2.921348315,0,0,0,1
993,70,12,12,1948,0,4.9600000000000006e-27,0,0,0.0,9.388646288,0,0,0,1
994,70,12,12,1949,0,7.140000000000001e-27,0,0,0.0,3.79241517,0,0,0,1
995,70,12,12,1950,0,7.140000000000001e-27,0,0,0.0,7.692307692,0,0,0,1
996,70,12,12,1951,0,7.140000000000001e-27,0,0,0.0,6.964285714,0,0,0,1
997,70,12,12,1952,0,7.140000000000001e-27,0,0,0.0,8.180300501,0,0,0,1
998,70,12,12,1953,0,7.140000000000001e-27,0,0,0.0,2.777777778,0,0,0,1
999,70,12,12,1954,0,7.140000000000001e-27,0,0,0.0,0.0,0,0,0,1
1000,70,12,12,1955,0,7.140000000000001e-27,0,0,0.0,1.651651652,0,0,0,1
1001,70,12,12,1956,0,7.18e-27,0,0,0.0,4.431314623,0,0,0,1
1002,70,12,12,1957,0,7.1e-27,0,0,0.0,2.97029703,0,0,0,1
1003,70,12,12,1958,0,7.1e-27,0,0,0.0,3.571428571,0,0,0,1
1004,70,12,12,1959,0,7.12e-27,0,0,0.0,2.652519894,0,0,0,1
1005,70,12,12,1960,0,7.150000000000001e-27,0,0,0.0,2.454780362,0,0,0,1
1006,70,12,12,1961,0,7.11e-27,0,0,0.0,2.90037831,0,0,0,1
1007,70,12,12,1962,0,7.140000000000001e-27,0,0,0.0,2.083333333,0,0,0,1
1008,70,12,12,1963,0,7.140000000000001e-27,0,0,0.0,1.080432173,0,0,0,1
1009,70,12,12,1964,0,7.140000000000001e-27,0,0,0.0,2.500022554,0,0,0,1
1010,70,12,12,1965,0,7.140000000000001e-27,1,1,0.0,2.500003432,1,0,0,1
1011,70,12,12,1966,0,7.140000000000001e-27,1,1,0.0,3.121953195,1,0,0,1
1012,70,12,12,1967,0,7.140000000000001e-27,1,1,0.0,2.365179967,1,0,0,1
1013,70,12,12,1968,0,7.140000000000001e-27,1,1,0.0,1.38631904,1,0,0,1
1014,70,12,12,1969,0,7.140000000000001e-27,1,1,0.0,0.364644862,1,0,0,1
1015,70,12,12,1970,0,7.16e-27,1,1,0.0,2.088991186,1,0,0,1
1016,70,12,12,1971,0,6.71e-27,1,1,0.0,3.024884047,1,0,0,1
1017,70,12,12,1972,0,6.520000000000001e-27,1,1,0.0,2.84975748,1,0,0,1
1018,70,12,12,1973,0,6.06e-27,1,1,0.0,3.106641376,1,0,0,1
1019,70,12,12,1974,0,5.490000000000001e-27,1,1,0.0,6.596092646,1,0,0,1
1020,70,12,12,1975,0,6.25e-27,1,1,0.0,10.00764002,1,0,0,1
1021,70,12,12,1976,0,6.190000000000001e-27,1,1,0.0,11.0416805,1,0,0,1
1022,70,12,12,1977,0,6.470000000000001e-27,1,1,0.0,10.25640067,1,1,0,1
1023,70,12,12,1978,0,6.750000000000001e-27,1,1,0.0,8.229915112,1,0,0,1
1024,70,12,12,1979,0,6.740000000000001e-27,1,1,0.0,12.55279758,1,0,0,1
1025,70,12,12,1980,0,6.31e-27,1,1,0.0,7.2,1,0,0,1
1026,70,12,12,1981,0,7.23e-27,0,0,0.0,13.2,1,0,0,1
1027,70,12,12,1982,0,7.39e-27,0,0,0.0,10.4,1,1,0,1
1028,70,12,12,1983,0,1.11e-26,0,0,0.0,23.2,1,1,1,1
1029,70,12,12,1984,0,1.4500000000000002e-26,0,0,0.0,20.3,1,1,1,1
1030,70,12,12,1985,0,1.63e-26,0,0,0.0,8.3,1,0,0,1
1031,70,12,12,1986,0,1.68e-26,0,0,0.0,14.5,1,0,0,1
1032,70,12,12,1987,0,1.6e-26,0,0,0.0,12.5,1,0,0,1
1033,70,12,12,1988,0,1.93e-26,0,0,0.0,7.4,1,1,0,1
1034,70,12,12,1989,0,2.22e-26,0,0,0.0,12.8,1,1,0,1
1035,70,12,12,1990,0,2.61e-26,0,0,0.0,17.4,1,1,0,1
1036,70,12,12,1991,0,5.04e-26,0,0,0.0,24.0,1,1,1,1
1037,70,12,12,1992,0,5.37e-26,0,0,0.0,41.6,1,0,1,1
1038,70,12,12,1993,0,6.81e-26,0,0,0.0,28.2,1,1,1,1
1039,70,12,12,1994,0,8.38e-26,0,0,0.0,21.11354311,1,1,1,1
1040,70,12,12,1995,1,9.31e-26,0,0,0.0,25.80873955,1,0,1,0
1041,70,12,12,1996,1,1.08e-25,0,0,0.0,16.40028408,1,1,0,0
1042,70,12,12,1997,1,1.8299999999999999e-25,0,0,0.0,20.0650384,1,1,1,0
1043,70,12,12,1998,1,3.71e-25,0,0,0.0,46.61127497,1,1,1,0
1044,70,12,12,1999,1,3.72e-25,0,0,0.0,56.92320336,1,0,1,0
1045,70,12,12,2000,1,5.5e-25,1,1,0.0,55.20369616,1,1,1,0
1046,70,12,12,2001,1,5.51e-25,1,1,0.0,112.1184112,1,0,1,0
1047,70,12,12,2002,1,5.5e-25,1,1,0.0,198.928606,1,0,1,0
1048,70,12,12,2003,1,7.949999999999999e-24,1,1,0.0,598.7447505,1,1,1,0
1049,70,12,12,2004,1,5.6e-23,1,1,0.0,132.7467739,1,1,1,0
1050,70,12,12,2005,1,8.46e-22,1,1,0.0,585.8443656,1,1,1,0
1051,70,12,12,2006,1,3e-19,1,1,0.0,1281.113605,1,1,1,0
1052,70,12,12,2007,1,1.9e-16,1,1,0.0,66279.89237,1,1,1,0
1053,70,12,12,2008,1,0.002,1,1,0.0,21989695.22,1,1,1,0
1054,70,12,12,2009,1,354.8,1,1,0.0,-7.67,1,1,0,0
1055,70,12,12,2010,0,378.2,1,1,0.0,3.217,1,0,0,1
1056,70,12,12,2011,0,361.9,1,1,0.0,4.92,1,0,0,1
1057,70,12,12,2012,0,361.9,1,1,0.0,3.72,1,0,0,1
1058,70,12,12,2013,0,361.9,1,1,0.0,1.632,1,0,0,1
